<?xml version="1.0" encoding="UTF-8" standalone="no"?>
<Dataset>
  <Data id="0">
    <Asset id="1">
      <Task id="1" name="Change Oil">2012-09-16 10:23:45</Task>
      <Task id="2" name="Paint">2012-09-09 04:59:39</Task>
      <Task id="3" name="Pitot probe">2012-09-19 19:32:16</Task>
      <Task id="4" name="Engine Assembly">2012-09-13 13:25:16</Task>
    </Asset>
    <Asset id="2">
      <Task id="1" name="Change Oil">2012-09-16 05:00:09</Task>
      <Task id="2" name="Paint">2012-09-09 15:37:18</Task>
      <Task id="3" name="Pitot probe">2012-09-13 19:11:54</Task>
      <Task id="4" name="Engine Assembly">2012-09-11 16:17:14</Task>
    </Asset>
    <Asset id="3">
      <Task id="1" name="Change Oil">2012-09-17 10:06:49</Task>
      <Task id="2" name="Paint">2012-09-09 17:26:56</Task>
      <Task id="3" name="Pitot probe">2012-09-17 02:29:20</Task>
      <Task id="4" name="Engine Assembly">2012-09-12 10:50:11</Task>
    </Asset>
  </Data>
</Dataset>
